{
  "name": "noflo-ui",
  "description": "NoFlo Development Environment",
  "author": "Henri Bergius <henri.bergius@iki.fi>",
  "repo": "noflo/noflo-ui",
  "version": "0.7.3",
  "keywords": [
    "fbp",
    "noflo",
    "graph",
    "visual",
    "dataflow"
  ],
  "dependencies": {
    "noflo/noflo": "*",
    "noflo/noflo-strings": "*",
    "noflo/noflo-ajax": "*",
    "noflo/noflo-localstorage": "*",
    "noflo/noflo-interaction": "*",
    "noflo/noflo-objects": "*",
    "noflo/noflo-groups": "*",
    "noflo/noflo-routers": "*",
    "noflo/noflo-dom": "*",
    "noflo/noflo-core": "*",
    "noflo/noflo-polymer": "*",
    "noflo/noflo-indexeddb": "*",
    "noflo/noflo-github": "*",
    "noflo/noflo-graph": "*",
    "noflo/noflo-runtime": "*",
    "noflo/noflo-runtime-webrtc": "*",
    "the-grid/flowhub-registry": "*",
    "jonnor/microflo": "*",
    "gjohnson/uuid": "*",
    "bergie/octo": "*"
  },
  "noflo": {
    "components": {
      "BlobToEntry": "components/BlobToEntry.coffee",
      "CheckSyncState": "components/CheckSyncState.coffee",
      "ClearUserData": "components/ClearUserData.coffee",
      "CollectRemoteNodes": "components/CollectRemoteNodes.coffee",
      "ContextToDebug": "components/ContextToDebug.coffee",
      "ContextToRuntime": "components/ContextToRuntime.coffee",
      "CreateContext": "components/CreateContext.coffee",
      "CreateLoadingContext": "components/CreateLoadingContext.coffee",
      "DatabaseReady": "components/DatabaseReady.coffee",
      "EnsureId": "components/EnsureId.coffee",
      "EnsureLocalRuntimes": "components/EnsureLocalRuntimes.coffee",
      "ErrorToContext": "components/ErrorToContext.coffee",
      "FindNodesInGraph": "components/FindNodesInGraph.coffee",
      "FindRuntimes": "components/FindRuntimes.coffee",
      "GatherProjectData": "components/GatherProjectData.coffee",
      "GatherRuntimeData": "components/GatherRuntimeData.coffee",
      "GetNode": "components/GetNode.coffee",
      "GetRemoteProjects": "components/GetRemoteProjects.coffee",
      "GetRemoteUser": "components/GetRemoteUser.coffee",
      "GetRuntimeGraph": "components/GetRuntimeGraph.coffee",
      "GraphToContext": "components/GraphToContext.coffee",
      "HoldRuntimeConnection": "components/HoldRuntimeConnection.coffee",
      "IgnoreExamples": "components/IgnoreExamples.coffee",
      "LoadUserData": "components/LoadUserData.coffee",
      "MigrateLocalStorage": "components/MigrateLocalStorage.coffee",
      "PacketToContext": "components/PacketToContext.coffee",
      "PopulateExampleData": "components/PopulateExampleData.coffee",
      "PopulateProjectData": "components/PopulateProjectData.coffee",
      "PopulateRuntimeData": "components/PopulateRuntimeData.coffee",
      "PreparePulls": "components/PreparePulls.coffee",
      "PreparePush": "components/PreparePush.coffee",
      "ProcessErrorToContext": "components/ProcessErrorToContext.coffee",
      "RemoteLogin": "components/RemoteLogin.coffee",
      "Router": "components/Router.coffee",
      "SearchGraphNodeToContext": "components/SearchGraphNodeToContext.coffee",
      "SetGraphChanged": "components/SetGraphChanged.coffee",
      "SetToContext": "components/SetToContext.coffee",
      "StoreUser": "components/StoreUser.coffee",
      "SubscribeGraph": "components/SubscribeGraph.coffee",
      "UpdateFromTree": "components/UpdateFromTree.coffee"
    },
    "graphs": {
      "ContextStorage": "graphs/ContextStorage.fbp",
      "Delete": "graphs/Delete.fbp",
      "DirectRuntime": "graphs/DirectRuntime.fbp",
      "GithubStorage": "graphs/GithubStorage.fbp",
      "GithubSynchronization": "graphs/GithubSynchronization.fbp",
      "LoadExample": "graphs/LoadExample.fbp",
      "LoadProjectData": "graphs/LoadProjectData.fbp",
      "LoadRuntimeData": "graphs/LoadRuntimeData.fbp",
      "PrepareStorage": "graphs/PrepareStorage.fbp",
      "ProjectRuntime": "graphs/ProjectRuntime.fbp",
      "ProjectStorage": "graphs/ProjectStorage.fbp",
      "RuntimeStorage": "graphs/RuntimeStorage.fbp",
      "Save": "graphs/Save.fbp",
      "UserStorage": "graphs/UserStorage.fbp",
      "main": "graphs/main.fbp"
    }
  },
  "scripts": [
    "components/IgnoreExamples.coffee",
    "components/Router.coffee",
    "components/MigrateLocalStorage.coffee",
    "src/JournalStore.coffee",
    "components/DatabaseReady.coffee",
    "components/GetNode.coffee",
    "graphs/main.fbp",
    "graphs/PrepareStorage.fbp",
    "components/GatherProjectData.coffee",
    "components/ClearUserData.coffee",
    "components/LoadUserData.coffee",
    "graphs/UserStorage.fbp",
    "components/GetRemoteUser.coffee",
    "components/RemoteLogin.coffee",
    "components/StoreUser.coffee",
    "components/PopulateProjectData.coffee",
    "graphs/ProjectStorage.fbp",
    "components/ErrorToContext.coffee",
    "components/GraphToContext.coffee",
    "graphs/LoadExample.fbp",
    "components/CreateLoadingContext.coffee",
    "components/CreateContext.coffee",
    "components/FindRuntimes.coffee",
    "components/GatherRuntimeData.coffee",
    "graphs/LoadProjectData.fbp",
    "graphs/LoadRuntimeData.fbp",
    "graphs/RuntimeStorage.fbp",
    "graphs/GithubStorage.fbp",
    "components/PopulateRuntimeData.coffee",
    "components/HoldRuntimeConnection.coffee",
    "components/SetToContext.coffee",
    "components/CollectRemoteNodes.coffee",
    "components/ContextToRuntime.coffee",
    "graphs/ContextStorage.fbp",
    "components/GetRuntimeGraph.coffee",
    "components/SubscribeGraph.coffee",
    "components/PacketToContext.coffee",
    "components/ProcessErrorToContext.coffee",
    "components/ContextToDebug.coffee",
    "graphs/DirectRuntime.fbp",
    "graphs/ProjectRuntime.fbp",
    "graphs/GithubSynchronization.fbp",
    "components/CheckSyncState.coffee",
    "components/BlobToEntry.coffee",
    "components/PreparePulls.coffee",
    "components/PreparePush.coffee",
    "components/UpdateFromTree.coffee",
    "graphs/Save.fbp",
    "components/FindNodesInGraph.coffee",
    "components/SearchGraphNodeToContext.coffee",
    "components/EnsureId.coffee",
    "components/SetGraphChanged.coffee",
    "components/EnsureLocalRuntimes.coffee",
    "components/GetRemoteProjects.coffee",
    "graphs/Delete.fbp",
    "components/PopulateExampleData.coffee"
  ],
  "json": [
    "component.json"
  ],
  "files": [
    "css/noflo-ui.css",
    "preview/iframe.html",
    "preview/component.json",
    "noflo.ico",
    "app/noflo-200.png",
    "examples.json"
  ],
  "fbp": [
    "graphs/main.fbp",
    "graphs/PrepareStorage.fbp",
    "graphs/UserStorage.fbp",
    "graphs/ProjectStorage.fbp",
    "graphs/LoadExample.fbp",
    "graphs/LoadProjectData.fbp",
    "graphs/LoadRuntimeData.fbp",
    "graphs/RuntimeStorage.fbp",
    "graphs/GithubStorage.fbp",
    "graphs/ContextStorage.fbp",
    "graphs/DirectRuntime.fbp",
    "graphs/ProjectRuntime.fbp",
    "graphs/GithubSynchronization.fbp",
    "graphs/Save.fbp",
    "graphs/Delete.fbp"
  ]
}