{
  "name": "$NOFLO_APP_NAME",
  "version": "$NOFLO_APP_VERSION",
  "description": "$NOFLO_APP_DESCRIPTION",
  "developer": {
    "name": "$NOFLO_ORGANIZATION",
    "url": "$NOFLO_WEBSITE"
  },
  "default_locale": "en",
  "start_url": "index.html",
  "launch_path": "/index.html",
  "display": "standalone",
  "orientation": "landscape",
  "icons": [
    {
      "src": "app/$NOFLO_THEME-36.png",
      "sizes": "36x36",
      "type": "image/png",
      "density": "0.75"
    },
    {
      "src": "app/$NOFLO_THEME-48.png",
      "sizes": "48x48",
      "type": "image/png",
      "density": "1.0"
    },
    {
      "src": "app/$NOFLO_THEME-72.png",
      "sizes": "72x72",
      "type": "image/png",
      "density": "1.5"
    },
    {
      "src": "app/$NOFLO_THEME-96.png",
      "sizes": "96x96",
      "type": "image/png",
      "density": "2.0"
    },
    {
      "src": "app/$NOFLO_THEME-144.png",
      "sizes": "144x144",
      "type": "image/png",
      "density": "3.0"
    },
    {
      "src": "app/$NOFLO_THEME-192.png",
      "sizes": "192x192",
      "type": "image/png",
      "density": "4.0"
    }
  ]
}
