{
  "name": "$NOFLO_APP_NAME",
  "description": "$NOFLO_APP_DESCRIPTION",
  "version": "$NOFLO_APP_VERSION",
  "app": {
    "background": {
      "scripts": ["app/background.js"]
    }
  },
  "sandbox": {
    "pages": [
      "preview/iframe.html"
    ]
  },
  "permissions": [
    "https://passport.thegrid.io/",
    "$NOFLO_OAUTH_GATE",
    "https://api.github.com/",
    "https://api.flowhub.io/",
    "https://secure.gravatar.com/",
    "storage",
    "unlimitedStorage",
    "serial",
    "identity"
  ],
  "icons": {
    "16": "app/$NOFLO_THEME-16.png",
    "36": "app/$NOFLO_THEME-36.png",
    "48": "app/$NOFLO_THEME-48.png",
    "57": "app/$NOFLO_THEME-57.png",
    "60": "app/$NOFLO_THEME-60.png",
    "64": "app/$NOFLO_THEME-64.png",
    "72": "app/$NOFLO_THEME-72.png",
    "78": "app/$NOFLO_THEME-78.png",
    "96": "app/$NOFLO_THEME-96.png",
    "114": "app/$NOFLO_THEME-114.png",
    "120": "app/$NOFLO_THEME-120.png",
    "128": "app/$NOFLO_THEME-128.png",
    "144": "app/$NOFLO_THEME-144.png",
    "152": "app/$NOFLO_THEME-152.png",
    "170": "app/$NOFLO_THEME-170.png",
    "200": "app/$NOFLO_THEME-200.png",
    "250": "app/$NOFLO_THEME-250.png"
  }
}
