{
  "name": "noflo-ui-preview",
  "description": "NoFlo runtime environment for client-side previews",
  "author": "Henri Bergius <henri.bergius@iki.fi>",
  "repo": "noflo/noflo-ui",
  "keywords": [],
  "dependencies": {
    "noflo/noflo": "*",
    "noflo/noflo-runtime-iframe": "*",
    "noflo/noflo-ajax": "*",
    "noflo/noflo-core": "*",
    "noflo/noflo-css": "*",
    "noflo/noflo-dom": "*",
    "noflo/noflo-flow": "*",
    "noflo/noflo-groups": "*",
    "noflo/noflo-interaction": "*",
    "noflo/noflo-localstorage": "*",
    "noflo/noflo-math": "*",
    "noflo/noflo-objects": "*",
    "noflo/noflo-packets": "*",
    "noflo/noflo-physics": "*",
    "noflo/noflo-routers": "*",
    "noflo/noflo-strings": "*",
    "noflo/noflo-websocket": "*",
    "noflo/noflo-indexeddb": "*",
    "noflo/noflo-github": "*",
    "noflo/noflo-finitedomain": "*",
    "d4tocchini/noflo-draggabilly": "*",
    "forresto/noflo-gum": "*",
    "forresto/noflo-seriously": "*",
    "jonnor/noflo-cad": "*",
    "jonnor/noflo-3dprint": "*",
    "alfa256/noflo-prompts": "*",
    "noflo/noflo-image": "*",
    "noflo/noflo-ccv": "*",
    "noflo/noflo-canvas": "*",
    "automata/noflo-geometry": "*",
    "forresto/noflo-clmtrackr": "*",
    "automata/noflo-webaudio": "*",
    "noflo/noflo-tween": "*",
    "noflo/noflo-adapters": "*",
    "noflo/noflo-amd": "*",
    "noflo/noflo-react": "*",
    "noflo/noflo-peer": "*"
  },
  "json": [
    "component.json"
  ],
  "files": [
    "iframe.html"
  ]
}
